,model,set,rmse,mse,mae,r2
0,DecisionTreeRegressor,test,1.0618072226587294,1.1274345780902446,0.754799345379538,0.3422127688177643
1,RandomForestRegressor,test,0.7212513005742055,0.5202034385799829,0.552250211287223,0.6964939818551357
2,LinearRegression,test,542600681.0196147,2.944154990429497e+17,41821084.8033344,-1.7177294336727046e+17
3,MLPRegressor,test,0.8344438143405277,0.6962964792911691,0.6546107277751457,0.5937547578408442
4,GradientBoostingRegressor,test,0.6732487556542205,0.4532638869899563,0.5230092987933977,0.7355490038960328
5,XGBRegressor,test,0.7485393698054907,0.5603111881488012,0.5536188006140781,0.6730936302511319
6,SVR,test,0.7415737379707049,0.5499316088478438,0.5709016787756878,0.6791494625467657
