,model,set,rmse,mse,mae,r2
0,DecisionTreeRegressor,test,1.098373779407406,1.2064249592897092,0.7798673141914192,0.2961268449433714
1,RandomForestRegressor,test,0.7252408358413541,0.5259742699718659,0.5560255069919142,0.6931270643624008
2,LinearRegression,test,542600681.0196147,2.944154990429497e+17,41821084.8033344,-1.7177294336727046e+17
3,MLPRegressor,test,0.8442794467991978,0.7128077842875593,0.652955083925314,0.584121448904038
4,GradientBoostingRegressor,test,0.670940890184619,0.4501616781217289,0.5236536627590115,0.7373589478356952
5,SVR,test,0.7415737379707049,0.5499316088478438,0.5709016787756878,0.6791494625467657
