,model,set,rmse,mse,mae,r2
0,DecisionTreeRegressor,test,1.0874884250172547,1.1826310745465092,0.8017107600660066,0.3100090815435743
1,RandomForestRegressor,test,0.7117189255331086,0.5065438289620026,0.5456710353572055,0.7044635057319547
2,LinearRegression,test,542600681.0196147,2.944154990429497e+17,41821084.8033344,-1.7177294336727046e+17
3,MLPRegressor,test,0.8513544255883027,0.7248043579687887,0.6672025503722834,0.577122201995347
4,GradientBoostingRegressor,test,0.6713706300211426,0.450738522854986,0.5246134235816194,0.7370223951813017
5,SVR,test,0.7415737379707049,0.5499316088478438,0.5709016787756878,0.6791494625467657
