,model,roc_auc,accuracy,precision,recall,f1
7,XGBClassifier,0.7135004821600771,0.7328767123287672,0.7171052631578947,0.5956284153005464,0.6507462686567164
0,XGBClassifier,0.7064288010286082,0.723744292237443,0.6962025316455697,0.6010928961748634,0.6451612903225807
2,XGBClassifier,0.7056573449051751,0.723744292237443,0.6987179487179487,0.5956284153005464,0.6430678466076696
5,XGBClassifier,0.7036965605914497,0.7214611872146118,0.6942675159235668,0.5956284153005464,0.6411764705882352
3,XGBClassifier,0.7005464480874317,0.7168949771689498,0.6832298136645962,0.6010928961748634,0.6395348837209303
6,XGBClassifier,0.6982320797171327,0.7168949771689498,0.6903225806451613,0.5846994535519126,0.6331360946745561
8,XGBClassifier,0.6966248794599806,0.7123287671232876,0.6748466257668712,0.6010928961748634,0.6358381502890174
1,XGBClassifier,0.6931211828993893,0.7100456621004566,0.675,0.5901639344262295,0.6297376093294461
4,XGBClassifier,0.6860495017679203,0.7009132420091324,0.6566265060240963,0.5956284153005464,0.6246418338108882
