,model,hyperparams,mse,train_mse,rmse,train_rmse,mae,train_mae,r2,train_r2
0,GradientBoostingRegressor,"{'max_depth': 7, 'loss': 'huber', 'n_estimators': 100, 'learning_rate': 0.1, 'min_impurity_decrease': 0.2}",0.4064327920107914,0.0657141241755277,0.6375208169234879,0.25634766270736253,0.4723842972195164,0.17247839968849005,0.5495149943810183,0.9288116051201657
