,model,hyperparams,mse,train_mse,rmse,train_rmse,mae,train_mae,r2,train_r2
0,SVR,"{'C': 100, 'kernel': 'rbf', 'epsilon': 0.1, 'gamma': 'scale'}",0.45406330613953977,0.04023796007369746,0.6738421967638564,0.20059401804066207,0.47037440262185276,0.1133089562205194,0.7508829798584611,0.9776240045997839
