,model,hyperparams,mse,train_mse,rmse,train_rmse,mae,train_mae,r2,train_r2
0,XGBRegressor,"{'max_depth': None, 'eta': 0.1, 'gamma': 0}",0.4103324774251538,0.04674732529427119,0.6405719923827093,0.21621129779516887,0.481359029905318,0.15593998840081955,0.5451926320118059,0.9493584203643094
